;text;truthRating
5194;New law going into effect in November 2007 will make it illegal for motorists in Pennsylvania to use cell phones while driving.;0
4088;'I opposed this war from the beginning. I opposed the war in 2002. I opposed the war in 2003. I opposed it in 2004 and 2005 and 2006.';1
4478;California Governor Jerry Brown has mandated the use of gay pornography in elementary schools in order to teach children about LGBT sex.;0
3863;Says 'Donald Trump was doing a rally in the state of Florida' the day Trump's son and others met with a Russian lawyer in New York.;0
7605;Under certain conditions, lionesses can grow manes and develop 'masculine behavior'.;1
9380;A photograph shows a man who was diagnosed with eye cancer due to using his cell phone at night.;0
3062;A video shows Pope Francis slapping away President Trump's hand.;0
5462;Jasper Smith was arrested in North Carolina for selling energy drinks laced with methamphetamine.;0
9202;Hillary Clinton was arrested by the FBI on 1 April 2016.;0
5390;Casey Anthony is pregnant with twins and hoping to star in a reality TV show.;0
5626;Polls show 'Hillary Clinton wins every time with Donald Trump' as her opponent.;1
5080;Thirty-four of the 47 men depicted in the famous 'Declaration of Independence' painting were slaveholders.;1
5489;Democratic lawmakers who voted in favor of short-term spending bills 'just voted to deport Dreamers.';0
6897;Pins, needles, and razor blades have been found in trick-or-treaters' loot.;1
4230;A crude sketch of a phallus could be seen on the inside of a log during an episode of Maya the Bee.;1
4275;'The overall fact about illegal immigration is that it's not actually getting worse.';1
2127;The actor who played Stuart Minkus on the television series Boy Meets World become the actress Chanel West Coast.;0
3175;The image projected onto one of the singing busts in the Haunted Mansion's graveyard is Walt Disney himself.;0
7118;Milwaukee police and firefighters 'are routinely getting 4 percent raises annually while everybody else is either getting zero or one percent raises.';0
1944;A photograph depicts a glamorous 'young Harriet Tubman.';0
696;Over the past few years, hundreds of children have drowned in pit latrines in South Africa;0
1276;The U.S. Army is investigating ways to build biodegradable bullets that will sprout into plants.;1
2794;'Our trade deficit in goods reached nearly … $800 billion last year alone.';1
6064;'We do not have an overcrowding problem. As a matter of fact, Rhode Island has one of the lowest incarceration rates in the country.';1
7599;CVS pharmacy had an issue with an employee wearing ties bearing religious symbolism at one of their Virginia outlets.;1
4716;Says he followed state law and the precedent of other Massachusetts governors when he erased electronic communications as he left office.;1
3125;A map shows the results of the 2012 election if 'only taxpayers voted.';0
4494;Some older model cordless phones call 911 by themselves when their batteries are dying.;1
6945;'A cashier earning $20,000 per year pays the same (Virginia) income tax rate as a hedge fund manager earning $20 million per year.';0
1128;U.S. President Donald Trump personally donated $1 million to the relief fund for the Bahamas after Hurricane Dorian.;0
6854;The minimum legal drinking age in the U.S. is being raised to twenty-five as of 2 August 2014.;0
2877;During a House committee meeting, Rep. Hank Johnson said he feared that stationing 8,000 Marines on Guam would cause the island to 'become so overly populated that it will tip over and capsize.';1
7035;Photograph shows an orca whale attacking a black bear.;0
6065;One of the top search results in Google for the word “jew” points to an anti-Semitic site.;1
26;“More than 8.2 million South Africans do not have a job.”;1
2907;Imbibers drink the liquor from a barrel used to preserve a dead body.;0
6890;Insurance companies 'have made a fortune with Obamacare.';0
5217;'Star Trek' star Patrick Stewart admitted he originally refused to see the 'Galaxy Quest' movie, but eventually he did so and greatly enjoyed the film.;1
8572;Last year, 'Exxon pocketed nearly $4.7 million every hour.';1
5123;Associated Press briefly carried a photo showing a sailor on the USS Enterprise signing a bomb with the words “HIGH JACK THIS FAGS.”;1
4459;The HIV virus has been 'detected in Walmart bananas after 10 year old boy contracts the virus.';0
3650;Four state Assembly Democrats 'scored a death blow to northeast Wisconsin’s economy' by killing hundreds of jobs at a potential Bass Pro Shops near Green Bay.;0
1477;A photograph shows several large whales feeding near a tiny boat.;0
1070;An unsuccessful contestant on The Contender committed suicide after being bumped from the show.;1
3547;An expletive-filled letter from “Saucy Jack” detailing conditions in Afghanistan was penned by a Marine serving there.;0
3837;President Donald Trump posted a suggestive comment on Twitter about his daughter's 'skintight' dress.;0
5265;Quotes Kurt Cobain saying in 1993 that he wouldn’t be surprised if his generation eventually elected a 'true outsider' a 'business tycoon who can’t be bought' … 'someone like Donald Trump';0
8907;A toddler was ejected from a roller coaster after his teen mother circumvented height regulations and sneaked him onto the ride.;0
775;Photograph shows large military transport plane stuck atop a freeway overpass.;1
9250;'Rhode Island has a very generous unemployment compensation rate compared to most other states.';1
1609;California has 'the highest poverty rate in the nation' when considering the U.S. Census Bureau’s Supplemental Poverty Measure.;1
2528;A photograph shows several young males wearing “Team Mitch” shirts while strangling, kissing, or otherwise posing with a cardboard cutout of U.S. Rep. Alexandria Ocasio-Cortez.;1
8822;The average woman swallows six pounds of lipstick during her lifetime.;0
619;President Donald Trump offered to donate $1 million to a charity of Sen. Elizabeth Warren's choice if she would take a DNA test to demonstrate that she had Native American ancestry.;1
2692;Actor Matthew McConaughey made a video endorsing Donald Trump.;0
1108;U.S. Senator Elizabeth Warren listed her race as 'American Indian' on her 1986 Texas State Bar registration card.;1
2775;'3,000-Pound Great White Shark Captured in Great Lakes.';0
3876;The USA Freedom Act undercuts privacy because 'the phone records will be in the hands of the phone companies with hundreds of people available to look at the records, versus 20 or 30 people in the government.';0
2965;A high school boy was shot by a police officer who mistook his saxophone for a gun.;0
1251;'When we say ‘one vote matters,’ it’s not just a saying – it has proven true 141 times in #Ohio over the last five years.';1
3873;Says Obama has flip-flopped on public campaign financing.;1
5484;In 1873 a British mill engineer “broke the bank” at a Monte Carlo casino.;1
1147;Says the 3C Corridor train would have taken  'an hour and 15 minutes longer' to carry passengers across Ohio 'than it would have taken on a New York Central train in 1935.';1
4236;Says U.S. Rep. Paul Ryan attacked the president for 'the same amount of Medicare savings that (Ryan) had in his own budget.';1
1414;Says state Sen. Steve Ogden was the 'driving force behind business income tax hurting small business, crafted the Robin Hood school finance scheme making property taxes skyrocket, wrote a budget that will result in a $14 billion deficit and voted against' gun freedoms.;0
211;'Since that famous day in February where the governor campaigned with Barack Obama on behalf of the stimulus program, 211,000 Floridians have lost their jobs.';1
7535;"Baseball player Jackie Robinson said, 'I cannot stand and sing the anthem. I cannot salute the flag; I know that I am a black man in a white world.'";1
1755;The 2-year-old son of NFL star Adrian Peterson has died as the result of an apparent beating.;1
3456;Jerry Falwell Jr. posted a message on Facebook celebrating that 'we have a president' who 'looks like us.';0
8410;A video shows small, white worms inside some cherries.;1
1458;Says Jill McCabe 'supports late term abortions. Larger baby parts are more profitable.';0
6862;Thomas Jefferson sent the U.S. Navy to subdue Barbary pirates in the Mediterranean.;1
1189;A photograph shows a group of women in KKK garb holding a sign reading 'Women of the Democrat Party.';0
1478;A 19-year-old college student in Kenya purposefully infected 324 men with human immunodeficiency virus in an act of revenge.;0
55;The sequester has 'already lost 1.6 million jobs.';0
7263;'Eight out of the nine states with competitive Senate races, Hispanics make up less than 10 percent of the electorate.';1
4463;CNN created 'fake news' and staged protests in which Muslim residents purportedly protested a 3 June 2017 attack in London.;0
642;Artist Lana Newstrom is creating invisible art and selling it for millions of dollars.;0
8940;'More than 27,000 Rhode Island jobs depend on trade with Canada.';1
7946;E-mail reproduces Jason Whitlock’s editorial about the Don Imus controversy.;1
2231;'Elorza wants to teach our public school children about the ‘non-existence of God.’';0
1258;A retired U.S. Army sergeant faces life in prison for killing two Syrian refugees after discovering they raped his teenage daughter.;0
7752;A video shows a real sea roach.;0
2177;'Individuals with mental illnesses die an average of 25 years earlier than those without a mental illness.';1
2005;Researchers detected cocaine in multiple, freshwater-shrimp samples across the U.K.;1
9048;'There's a big chunk of the country that thinks that I have been too soft on Wall Street.';1
4631;Photograph shows bulletin warning London Underground travelers not to run on the platforms or concourses.;0
1119;An image shows the inside of a leatherback turtle's mouth.;1
9889;Photograph shows a U.S. Marine wounded in Afghanistan.;1
7562;Says China and Singapore impose the death penalty on drug dealers.;1
1673;'Some criminals have learned how to spy on Americans, hacking into our home computers and looking out through the video camera attached to the screen.';1
329;The United States Department of Homeland Security is planning to compile a database of journalists and bloggers.;1
6777;Says an Obama administration policy prohibits people who work with at-risk youth from promoting marriage as a way to avoid poverty.;0
925;The Green New Deal legislation of 2019 includes a provision requiring men to recycle their urine to use for coffee.;0
5561;'One out of 10 minimum-wage workers in the U.S. live in Texas.';1
504;Says it's not 'accidental' that the villain in the Batman movie is named Bane.;0
3654;A document discovered in May 2019 reveals that Donald Trump's IQ was measured at 73 during his high school years.;0
4097;The U.S. would gain revenue by cutting personal income tax rates in half and ending tax breaks.;1
7358;Says Sen. Kamala  Harris 'introduced a bill today to forbid a police officers from drawing his/her gun without permission from their supervisor.';0
9970;Pittsburgh Steelers Coach Mike Tomlin Rips Player for Standing, Fired for National Anthem Protest;0
190;Speaking of Donald Trump's presidency, former Secretary of State Henry Kissinger referred to him as the 'one true leader.';0
4403;When he took office in 2009, President Barack Obama 'had the biggest Democratic majorities in Congress since Lyndon Johnson.';0
5189;Candidate Arrested in U.K. for Quoting Winston Churchill;1
5083;Says the Patient Protection and Affordable Care Act adopted last year contains 'a series of slush funds, set up to stay on the books automatically, with little or no oversight.';0
5908;A TV station was pranked with fake names for pilots involved in an airline crash.;1
6731;'Three out of the 18 benchmarks of the (GAO) have been fulfilled. Even among Republican math, that is a failing grade.';1
9075;A video shows a surfer being towed by a great white shark.;0
3093;A goat (or horse) tied to railway crossing gate is accidentally hanged when the gate goes up.;0
453;A photograph shows a biennial astronomical event in Ireland known as 'Heaven’s Trail.';0
4740;A $10 million fire fee proposal in St. Petersburg was 'inspired' by Gov. Rick Scott.;0
4880;A 43-year-old woman forced her unfaithful husband to eat his own genitals.;0
9026;Facebook is donating $1 per share to a medical fund for a baby born with his heart outside his body.;0
7628;Says 'our deficits are falling at the fastest rate in 60 years.';1
2434;A photograph shows a woman snorting cocaine with her toddler.;0
7990;Internet-circulated coupons can be redeemed for free bags of Doritos brand tortilla chips.;0
6943;'The entire state of Florida led the nation last year with the most prison inmates committing tax fraud.';1
6605;Police discovered human remains in a Satanic dungeon under a Chuck E. Cheese.;0
8122;A child’s Christmas letter to a sailor  misinterprets the sounds of his mother’s sexual satisfaction as prayer.;0
4941;'Austin is the largest city in the U.S. or Texas with no geographic representation' on its city council.;1
4192;A couple of Intel engineers were fired after etching the phrase “Bill sux” onto a new version of the Pentium chip.;0
139;Photos show an alligator swimming across a lake with a deer clutched in its jaws.;1
6986;Photos and video clips narrated by a medical doctor demonstrate that Democratic presidential candidate Hillary Clinton likely has Parkinson's disease.;0
4479;Eight of 10 claims from Obiageli Ezekwesili's presidential manifesto.;1
5391;Video shows a truck pushing an automobile trapped in front of its grille.;1
3957;A wife punishes her husband’s infidelity with a hot curling iron up his backside.;0
3281;Initial efforts to strip airport contractors of their special diversity status 'has no effect' on the contracts or the city’s diversity goals.;1
742;'Last week's three most-viewed television programs were Sunday Night Football, Thursday Night Football and Monday Night Football.';1
561;Say video 'shows massive alligator strolling across Florida golf course.';1
6160;'Even if you took literally every single ounce of platinum in the world, it still wouldn’t add up to enough needed to pay down our nation’s debt.';1
2501;Obama's wife wrote a paper in college that said America was a nation founded on 'crime and hatred' and that whites in America are 'ineradicably racist.';0
2621;Samantha Davis, a former staff assistant to Sen. Maggie Hassan, pleaded guilty to crimes related to the hacking of government computers and the release of GOP senators’ addresses during Brett Kavanaugh’s final U.S. Supreme Court confirmation hearing.;1
3227;Sarah Palin 'has had 12 years of elected office experience.';1
3188;The Department of Health and Human Services requested that funding for the Ryan White HIV/AIDS Program be used for detainment of immigrant children.;1
4311;An elderly patient met his demise when the gurney he was strapped to rolled away with him.;1
2546;Hillary Clinton filed for divorce from Bill Clinton in November 2016.;0
98;Spark from a welding arc reaches disposable lighter in worker’s pocket, causing it to explode and kill him.;0
1629;A photograph shows Florida school shooter Nikolas Cruz wearing an antifa t-shirt.;0
3290;Democratic senators “sent a letter to the prosecutor in Ukraine” in 2018 asking him to 'investigate Trump.”;0
8667;"DNC Banned Churches From Distributing Gift Baskets to Delegates at
Convention";1
5877;Says a Donald Trump tweet credited Gov. Ron DeSantis for Hurricane Dorian’s path away from Florida.;0
2062;Says Chris Jacobs is a 'Never Trumper.';0
5424;An illustration from a withdrawn Yellow Pages ad reveals a risqué image when a portion of it is viewed upside-down.;1
9646;'Eighty-three law enforcement officers have died in the line of duty this year. Twenty-four of them were shot and killed in cold blood.';1
6374;A page on Hillary Clinton's campaign web site about campus sexual assault was edited to remove wording about a victim's 'right to be believed.';1
5210;'One year today since #GOP took control of the House' and 'no new jobs.';0
5494;Says in 'our region,' 2011 was worst drought year ever recorded.;1
6103;Michael Cohen, personal attorney for President Donald Trump, advertised his services as 'The Fixer' in New York City subway ads in April 2018.;0
1505;Says Henry Kissinger said that 'once the herd accepts mandatory forcible vaccination, it’s game over,' and that vaccine makers 'stand to make billions … We thin out the herd and the herd pays us for providing extermination services.';0
6465;A student who was dissatisfied with her visual biology exam showed up her professor by responding with a zinger and a visual of her own.;0
6523;A Fox News guest disparaged teenage climate activist Greta Thunberg by calling her 'mentally ill.';1
5537;With only 67 bills or so passed into law, '2013 was the least productive year in congressional history since we’ve been keeping record.';1
8596;A 2018 survey deemed the United States to be 'one of the ten worst countries in the world to be a woman.';1
3544;'How many federal rulings have NOW found intentional discrimination by #Txlege since 2011? 6.';1
1402;A Budweiser employee who saw Arabs celebrating the 9/11 attacks at a convenience store pulled all the company's product from that store.;0
2336;Actor Norman Reedus has been fired from The Walking Dead after a disagreement with producers.;0
6107;Several rescued horses in the Niagara Falls area are in need of adoption.;1
8700;'The job [of correctional officer] lowers your life expectancy . . . Metropolitan did a study in, I believe it was 1998, and the life expectancy was 58.';0
6499;Says a new report proves the stimulus supported by N.J. Democrats cost $278,000 per job.;0
3334;George Clooney has an open tab at Chipotle that anyone can use to get a free burrito.;0
3711;'The claim ... that we plan to set up panels of bureaucrats with the power to  kill off senior citizens ... is a lie, plain and simple.';1
650;'Idaho was the only Republican-led state in the nation that chose to partner with President Obama' by creating a state-based marketplace under the Affordable Care Act.;0
945;A photograph shows a man posing with a bear that he killed while it was hibernating, an act made legal by the passage of a new law.;0
5670;CNN host Fareed Zakaria posted a blog entry calling for white women to be raped by Islamic minority groups.;0
9560;NBC's long-running 'Saturday Night Live' has been cancelled due to low ratings.;0
3469;Two photographs of the earth taken by NASA in 1978 and 2012 document the dramatic effects of deforestation in North America.;0
914;The FCC is considering modifying its indecency policies regarding the use of profanity and non-sexual nudity on radio and television.;1
957;Baby left in car by forgetful parent dies.;1
3768;'Women in Virginia have been incarcerated at an increasingly high rate. It’s around (a) 300 percent increase in the past four or five years.';0
5031;Says President Obama has waived 'the work requirement for welfare.';0
4312;The 'most realistic estimates' for jobs created by Keystone XL are 'maybe 2,000 jobs during the construction of the pipeline.';0
3688;There are currently 871 convicted felons playing for the NFL.;0
793;One in 10 children in Nigeria does not reach their fifth birthday.;1
9155;A group of Black Lives Matter protesters blocked emergency crews from providing aide to those stranded by Hurricane Harvey.;0
772;Disney can legitmately claim that no one has ever died at one of their theme parks, because they always ensure that accident victims are removed from park property before being declared dead.;0
3078;Apple co-founder Steve Jobs left behind a deathbed essay about how the 'non-stop pursuit of wealth will only turn a person into a twisted being, just like me.';0
9850;American Muslims for Jerusalem have called for a boycott of Estee Lauder products.;1
9037;Mitt Romney Set Up A Command Center To Help Find Partner's Missing Daughter;1
9181;'There are more atheists in the country right now than Jews, Muslims, Hindus and Buddhists combined and doubled.';0
5723;'Forty-seven percent of Americans pay no income tax.';1
5613;Home invasion criminals have gained entry to houses by pretending to be distressed persons in need of shelter from attackers.;1
5837;In the 1950s, a Las Vegas hotel completely drained their pool because black entertainer Dorothy Dandridge stuck her toe in the water.;0
845;In a now-viral video, 'impressionable youngsters at a public school in New Jersey ... have been instructed to sing the praises of 'Barack Hussein Obama.'';1
89;'In 2017, West Virginia’s $43,469 median household income was $16,867 below the national average, ranking 50th.';1
3573;An image shows an advertisement for Trump Tower in Mumbai stating that there is 'only one way to live' installed over a group of homeless people.;1
5128;Frozen squirrels have been used for criminal purposes.;1
342;In the aftermath of Hurricane Harvey, FEMA said they would only give aid to victims if they had received (unspecified) vaccinations.;0
331;The National Park Service has 'an annual budget that is less than the city of Austin.';1
2993;The Beatles recorded songs entitled “Colliding Circles,” “Left Is Right (And Right Is Wrong),” “Pink Litmus Paper Shirt,” and “Deckchair,” all of which remain unreleased to this day.;0
1442;A man was arrested after sugar from his Krispy Kreme donuts tested positive for methamphetamine during a traffic stop.;1
4593;'U.S. taxpayers are being forced to fund Feisal Abdul Rauf’s trip to the Middle East.';1
8635;Says PolitiFact says Amendment 4 'will force counties and cities across Florida to raise taxes and fees.';0
5652;'We are only inches away from ceasing to be a free market economy.';0
7343;Says Sean Hannity told listeners of his radio show that 'Beto O’Rourke is asking for help in getting undocumented to vote.';1
897;Says President Obama said of the national debt, 'If I don't have this done in three years, then there's going to be a one-term proposition.';0
3900;The parents of murdered DNC staffer Seth Rich thanked 'the Internet' for spreading a debunked claim he had leaked thousands of e-mails to WikiLeaks.;0
1534;President Obama said women should not choose to be stay-at-home-moms.;0
4138;Says that at Beto O’Rourke’s rally in El Paso, there were '200 people, 300 people.';0
3760;'We’re spending $12,000 bucks a kid a year in the school system.';1
8558;Maj. Nidal Hasan, the man accused of the Fort Hood shootings, 'was an ADVISOR to the Obama Administration.';0
8673;'The president of the United States ... agrees with me' that marriage should be between a man and a woman.;1
6590;Ted Nugent announced he is throwing a star-studded concert to fund the building of a border wall between the United States and Mexico.;0
1529;'There are billboards in Central America in the Northern Triangle countries advertising how to grab a kid to get into the United States illegally.';0
3553;Missionary is protected from murderous attackers by the miraculous appearance of 26 armed guards.;0
8950;"Associated Press Story About Obama Citizenship Case Reaching Supreme
Court";0
7756;President Lyndon B. Johnson sent a letter to the Smothers Brothers for making Americans laugh by mocking him on their show.;1
9549;'A (state) trooper with 10 years on the force is getting $500 a year more than a trooper with 10 minutes on the force.';0
6614;Meeting held to discuss impeachment of President George W. Bush;1
3420;Says the unemployment rate for college graduates is 4.4 percent and over 10 percent for noncollege-educated.;1
9481;Photographs show 49ers quarterback Colin Kaepernick shortly after he converted to Islam.;0
7314;Says a Congressional Budget Office report on spending by House Democrats in the economic stimulus concluded it 'is just not stimulus. It won't help the economy grow.';0
2397;Says taxpayer subsidy for the Oregon Convention Center hotel jumped $100 million in closed-door sessions;1
5179;Donald Trump stated he would declare war on Americans or people inside the U.S. if elected President.;0
3073;Obama's budget plan would 'take national debt up to about 80 percent of gross national product. ... Historically, it's been about 40 percent.';1
130;Justin Trudeau: 'Income splitting … will cost the federal government a whopping two billion dollars a year.' - FactsCanada;1
2955;The 1979 Boomtown Rats song 'I Don't Like Mondays' was inspired by a deadly shooting at a school.;1
7361;'Sen. Obama worked on some of the deepest issues we had and was successful in a bipartisan way.';1
2050;The FBI raided and dismantled a pig brothel in Missouri.;0
1575;Pope Francis said it's not necessary for one to believe in God in order to be a good person.;0
9766;'In Texas, schools do not even have to teach sex education.';1
164;A television show captured video of men who were tricked into catcalling their own mothers.;0
3198;Says Kelly Ayotte 'voted again yesterday against a proposal to expand background checks -- (buyers) can continue to simply go online or to gun shows to purchase guns without background checks.';1
6466;'Most private sector jobs in the history of Buffalo exist in Buffalo today';1
8466;'[State Rep. Doug McKillip’s] donors deserve a refund.';0
3108;A telephone company will no longer have to provide landline service to customers if there is an alternative provider, including wireless.;1
3915;Says President Barack Obama’s debt commission recommended converting Medicare 'to a system where Medicare participants are given a voucher to purchase insurance in the private market.';0
5264;President Obama ordered the removal of an American flag at a Pearl Harbor memorial.;0
8128;'Today almost half our debt is owned by foreigners.';1
1848;'Bill Nelson actually voted in favor of higher taxes 272 times.';0
6092;The Obama administration increased the deportation of illegal immigrants convicted of crimes by 70 percent.;1
834;John McCallum: “We will have reached the number 25,000 and thereby kept our promise.” - FactsCanada;0
5317;The real Hillary Clinton has been dead since 1998 and was replaced with a clone.;0
606;Says bus riders subsidize the 'expensive, romanticized' Leander-to-Austin train.;0
5966;Lightning struck a church after the preacher identified thunder as the voice of God during a sermon.;1
2613;'We're now the No. 1 producer of oil in the world. We've surpassed Saudi Arabia.';1
8325;'As usual, Hillary & the Dems are trying to rig the debates so 2 are up against major NFL games.';0
3962;Says Nevada lawmakers voted to allow teenaged boys to 'shower with your teenaged girls in public school locker rooms.';0
1310;A new U.S. Citizenship and Immigration Services task force is charged with identifying naturalized citizens who cheated on their applications and seeking the revocation of their citizenship, a process known as 'denaturalization.';1
652;'The income of the top 1 percent nearly quadrupled from 1979 to 2007, but the typical family’s incomes barely budged.';1
7177;'Snitker has been virtually ignored by the major media.';1
4191;A photograph of a fire at Notre Dame Cathedral in Paris shows the Eiffel Tower directly in the background.;1
1706;Scientists state a 30% chance that a  6.0 earthquake will hit Berkeley, California, within 3 weeks of 28 October 2011.;0
2494;There were '$2 billion in earmarks in fiscal year 2012.';0
2191;Public schools, colleges and state-funded day care centers 'will be made into sanctuaries by Bruce Rauner signing SB 31.';0
4504;'The NRA used to support expanded background checks.';1
976;Legislation currently under proposal would result in substantial cuts to federal funding of the NEA and other public arts programs.;0
9334;Tommy Robinson was jailed in order to silence his reporting on a sex abuse trial in England, and to 'protect Muslim pedophiles.';0
4832;A diligent student found a hidden reward tucked away in an academic work.;1
8069;'Medicare costs have slowed down dramatically. In fact, the first two months of this fiscal year, Medicare costs were down even in nominal terms relative to the previous year.';1
5590;Liberty University students 'were mandated' to attend Sen. Ted Cruz’s presidential announcement 'or they would be fined.';1
1071;The Bush tax cuts 'helped to create a substantial part of the deficit.';1
968;A hot microphone picked up President Obama telling Russian President Dmitri Medvedev he would have more flexibility to negotiate on issues like missile defense after the 2012 election.;1
4435;'In 2010, Mr. [Anthony] Gemma described himself as a 'pro-life' candidate. Now, he claims to be pro-choice.';1
6724;Emails show Democrats, Hillary Clinton and George Soros instigated and orchestrated racial protests in Charlottesville by trying to 'control' and keep people 'desperate.';0
538;A photograph captures wildlife fleeing a fire in Bitterroot Forest, Montana.;1
8495;Clint Eastwood received 'tragic news' and was subjected to 'heavy insults' because of his new movie.;0
8952;'$16 trillion (the national debt) in $1 bills would cover the entire state of Ohio nearly 1.5 times.';1
3310;'The Earth is not warming.';0
2462;Opera singer reads embarrassingly misprinted lyrics.;0
354;Dan Seals has been running for office 'since before there were, like, iPods.';0
3162;The contents of a few cans of frozen shaving cream will, when thawed, expand to fill an automobile.;0
1761;'Re: (Marco) Rubio's support of earmark ban: In 2002 alone, he requested 37 earmarks worth $43 million.';1
9995;A woman performed her own abortion with a 'U-Abort It™' attachment for her AR-15.;0
8152;A portion of Route 66 in New Mexico plays 'America the Beautiful' when you drive over it.;1
7224;'Even our nuclear arsenal doesn't work. It came out recently they have equipment that is 30 years old. They don't know if it worked.';0
2432;'McCain opposed a requirement that the government buy American-made motorcycles. And he said all buy-American provisions were quote 'disgraceful.' ';1
4110;The McCain campaign 'did not elaborate' on Obama's ties to ACORN.;0
6531;The Obama administration has proposed a 2,300-page “New Constitution.”;0
2805;'The American people have endured 21 consecutive months of 9% or higher unemployment [and] 2.6 million jobs have been lost,' since the stimulus bill was signed.;1
3122;'18 percent of our land in our state right now is either federally, state or county owned for conservation purposes.';1
9598;'Donna Shalala left me with 12 million doses' of smallpox vaccine and 'I created enough' to vaccinate 'every man, woman and child against smallpox in America.';1
1277;The Republicans' alternative health care plan 'will still let insurers raise premiums four times faster than wages.';0
1064;'The (ARC Tunnel) project was originally estimated to be $8.7 billion, and New Jersey alone was on the hook for all overruns.';1
7701;A three-year-old boy named William Tyrell is missing from his New South Wales, Australia, home.;1
397;A tourist's unfortunate bout of stomach upset on a Spanish roller coaster splashed liquid fecal matter on other customers.;0
3182;'Right now, Texas doesn’t have an income tax and Oklahoma’s lowering their income tax rates, and guess what their severance tax is? Sky high.';1
9084;A photograph shows a Canadian flag displayed across Niagara Falls for Canada Day, July 1, in 2019.;0
1215;'Sen. Obama has always had a 100 percent prochoice rating.';1
4419;E-mail reproduces Rev. Jesse Lee Peterson’s editorial critical of New Orleans blacks and their “moral poverty.”;1
3601;Hillary Clinton Said She “Admires” Margaret Sanger;1
6002;'Without representation, (the IRS) can increase taxes.';0
2933;'Trump proposed enacting the largest tax increase in American history.';1
145;'You can import as many hemp products into this country as you want...but we can’t grow it.';1
7893;President Obama launched an “African Americans for Obama” campaign in February 2012.;1
7743;Says a photo shows President Ronald Reagan meeting with Taliban leaders in the White House.;0
7892;A video shows a fish with a human face.;0
3658;The web sites of German automobile manufacturers BMW and Mercedes-Benz both displayed maps of the Middle East which left Israel unidentified.;1
5171;'Why didn't (uninsured Americans) buy insurance? Because of the expense.';1
5954;'Congressman Renacci is under FBI investigation.';0
295;Peter DeFazio 'will sneak in a 1 percent tax on all banking transactions.';0
1497;Says North Carolina's replacement for HB2 'orders NC cities to discriminate against LGBT people until at least 2020 and unfair ‘bathroom bans’ remain.';0
2298;Ashley Judd announced that she was moving to the Middle East, 'where women have more rights'.;0
8101;Switzerland issues firearms to adult men and provides training in their use.;1
6475;Rhode Island spends '52 percent more per capita on human service programs than the national average.';1
7332;Photo shows members of the migrant caravan dragging a Mexican official.;0
8445;The minister officiating at Ursula's wedding ceremony in The Little Mermaid displays an erection.;0
1350;Singer Axl Rose was found dead in his West Hollywood home.;0
2641;Says 90 percent of Americans and 74 percent of National Rifle Association members support background checks of gun purchasers.;1
5705;Mark Chambers, mayor of Carbon Hill, Ala., wrote on Facebook that members of the LGBTQ community and other groups should be 'killed out.';1
5404;President Obama is using his personal funds to keep the International Museum of Muslim Cultures open during the government shutdown.;0
7257;A photograph shows markings on a turtle's shell that resemble the word 'God.';1
138;Says White House adviser Steve Bannon said, 'Nobody can blame you for beating your wife if it’s out of love.';0
1073;Facebook posts by commercial flight attendants describe their experiences working on flights transporting unaccompanied immigrant children to detention facilities.;1
2944;'Starbucks CEO: ‘If You Support Traditional Marriage We Don’t Want Your Business’';0
2382;The lubricating spray WD-40 is so named because it was the product of the 40th attempt at creating a water displacing substance.';1
6407;'Ten years ago, John McCain offered a bill that said he would ban a candidate from paying registered lobbyists.';1
9577;'Oil companies ...currently have 68-million acres that they're not using.';0
1720;The $290 million structural surplus in the 2011-’13 Wisconsin budget is not real because it is based on the assumption that Congress will reinstate the estate tax.;0
960;'There are over 2,000 crimes recorded per 100,000 population in the U.K.,' compared to '466 violent crimes per 100,000' in the United States.;0
5883;'Human meat found in McDonald’s meat factory';0
5759;Says 'by 4th grade, 86 percent of African-American boys and 82 percent (of) Hispanic boys are reading below proficiency levels.';1
1579;Female student embarrassingly asks biology instructor why semen tastes salty.;0
2788;Bill McCollum has 'recovered $200 million in Medicaid fraud.';1
7365;George Washington said, 'Firearms stand next in importance to the Constitution itself.';0
6952;John Glenn versus Howard Metzenbaum;1
7055;Photographs show a woman trying to cross the U.S.-Mexico border hidden inside a car's dashboard.;1
6622;An image showing two lynched men originated with the game 'Call of Duty: WWII.';1
9749;Photograph shows Mohammed Fazl, a Taliban prisoner exchanged for U.S. soldier Bowe Bergdahl, posing with severed heads.;0
4892;'There has never been a death caused by a [commercial nuclear] reactor in the United States, even when Three Mile Island failed in the 1970s.';1
9769;“Let me put in my two cents” gained its linguistic origin thanks to the game of poker.;0
353;Says ending the direct payment farm subsidy program 'could save up to $28.4 billion over ten years that could be used to reduce the deficit.';1
8939;A poster asking residents to 'not dump trash on white supremacists' properties' was produced and distributed by city officials in Atlanta, Ga.;0
1364;'The War in Afghanistan is officially the longest war Americans have ever been asked to endure.';1
8395;President Barack Obama and Secretary of State John Kerry agreed 'to lift Iran’s economic and arms sanctions without any proof of change in conduct.';0
1467;In the Illinois Legislature, Barack Obama 'voted 'present,' instead of yes or no' on seven votes involving abortion rights.;1
136;Former NFL quarterback Kurt Warner married a woman who had two children, one a special needs child.;1
4816;Two television stations aired 2012 election “results” early.;1
376;Romney said ''No' to in-state tuition' for illegal immigrants.;1
9647;Some states hit hardest by opioid deaths 'have more opioid prescriptions than residents.';1
9286;During 'the recent global warming summit in Copenhagen, Nancy Pelosi and others stayed at a five-star hotel on a trip costing nearly $10,000 per person.';1
4878;Photographs show a New Jersey monument to the victims of 9/11 that was donated by Russia.;1
9416;'The marijuana that kids are smoking today is not the same as the marijuana that Jeb Bush smoked 40 years ago.';1
4470;'The State Election Board has issued nearly $275,000 in fines to violators of absentee ballot laws.';1
2602;Photographs show a chopped-up snake found by a motorist on his engine block.;1
6994;The “Cap and Trade energy bill” requires that all existing real estate must meet new energy standards before it can be sold.;0
8645;Scientific studies demonstrate that the process of adding fluoride to public water reduces the IQ of the individuals in those areas.;0
2091;Playing a word definition game at FreeRice.com results in food being donated to the needy.;1
194;'[When I was mayor] Providence was one of the five renaissance cities of America, according to USA Today in those days. Money magazine said it was the fifth best city to live in in America. In addition to that, All Cities Almanac said in 1994, I believe, that it was the safest city in America.';1
9428;Billy Graham and John Wayne had a hand in the creation of the song “It Is No Secret.”;1
4019;'Experts estimate that 40 percent of gun sales occur in no-questions-asked transactions that often take place at gun shows or on the Internet.';0
9395;“More than 10 million youth are unemployed.”;1
3258;Photograph shows child crying upon seeing Santa Claus’ grave.;0
2131;Virginia has a responsibility to fund 55 percent of public education and is paying just 41 percent.;0
290;The word news is an acronym formed from the words north, east, west, and south.;0
9589;'In Florida alone, more than $3.5 billion a year is spent on health care and criminal justice for illegal immigrants.';0
3331;Photograph shows a 1956 computer disk memory storage unit.;1
4408;A customer who picked up some fried chicken from a fast food outlet discovered that an unusual-tasting piece was actually a batter-fried rat.;0
9604;Outback Steakhouse announced that supporters of President Donald Trump are barred from their restaurants.;0
8394;The father of Chelsea Clinton's husband is a former congressman who pled guilty to fraud charges.;1
6858;Sherrod Brown 'failed to pay his own taxes three separate times.';1
8267;Ralph Lauren clothiers is offering “nigger brown” shirts for sale.;0
1756;E-mail from missionary describes Barack Obama’s connection to political events in Kenya.;0
8425;An identical twin given to the wrong parents was coincidentally reunited with his brother later in life.;1
8498;Polls show that Americans 'overwhelmingly' support 'expanding background checks.';1
4668;Says Barack Obama 'said when he was running for office four years ago that he would halve the annual deficit by the end of his first term. That simply has not happened.';1
9642;A writer named Tamim Ansary penned an essay from the perspective of an Afghan-American.;1
8113;The H.J. Heinz company adopted the slogan ’57 Varieties’ because its product line included exactly 57 different items.;0
5482;Olive Garden restaurants are 'funding Trump's re-election in 2020.';0
9640;'Red trees are significant to the early Christian church. In eastern Europe, the church would dye the trees red to symbolize the blood of Jesus & the resurrection.';0
1400;A German woman was fined €1,350 for sharing an anti-migrant meme on her Facebook page.;1
8932;Says Denzel Washington supports Donald Trump and speaks out against Barack Obama.;0
1303;'Fireworks have never been safer, and their use continues to increase each year.';1
7826;Radio announcer Clem McCarthy got the chance to broadcast the first network call of the Kentucky Derby due to another announcer’s embarrassing gaffe.;0
9924;Photographs show a “hotelicopter,” a helicopter which houses a flying 18-cabin hotel.;0
7336;'One-third of the counties — think of it, one-third — only have one insurer left' on the Affordable Care Act exchanges.;1
942;Photographs show a 'fire waterfall' at Yosemite National Park.;1
2116;Roseanne Barr posed as Hitler for an issue of satirical Jewish magazine 'Heeb.';1
6703;'All of our taxpayers are paying roughly 22% of the U.N. budget.';1
912;Dropped food remains germ-free if picked up within five seconds.;0
3843;Hillary Clinton once lauded the Trans-Pacific Partnership (which she later opposed) as setting the 'gold standard' in trade agreements.;1
3808;'We created as many jobs in the first six months of this year as we did in all of 2011 and 2011 was the best single year for private-sector job growth since the year 2000.';1
7312;Says Stephen F. Austin and James Bowie promoted slavery.;1
5543;'We have 5 percent of world population. 80 percent of opioids.';0
7614;A judge set convicted registered sex offender Jeffrey Epstein free on probation in a sex-trafficking case after a meeting with the Clintons.;0
6521;Newspaper publishes death notice requesting that memorial gifts for the deceased “be made to any organization that seeks the removal of President George Bush from office.”;1
1006;Says he eliminated an EPA rule that treated spilled milk like it was oil.;1
483;'Every major study that has been done by a legitimate group ... shows that there are hundreds of thousands of jobs to be created if you pass our (cap-and-trade) legislation. And if you wind up pricing carbon.';0
1297;Actress Audrey Hepburn authored a pithy list of beauty tips.;0
3622;Baskin-Robbins outlets will be offering free ice cream to pregnant women on 21 May 2008.;1
9343;The clothing store chain The Gap took its name from an acronym for 'Gay and Proud.';0
1891;'There are 7,000 kids in New Hampshire who have health care because I helped to create the Children's Health Insurance Program.';1
6410;A letter criticizing students at Oxford University for their desire to remove a statue of Cecil Rhodes was penned by a school official.;0
8315;Kid dies doing the latest dance step in a video.;0
7377;Mr President, S. Africa is not the only country giving free housing to the poor | Africa Check;0
63;'Florida’s high school graduation rate falls well below the national average.';1
7873;Photographs show a puppy with a heart-shaped pattern in its coat.;1
276;Blood from KISS band members was mixed with the red ink used to print the first KISS comic book.;1
4257;'Burger King admits to using horse meat in burgers, Whoppers.';0
6371;On military recruiters at Harvard, Elena Kagan 'took a position and the Supreme Court ruled unanimously that she was wrong.';1
2376;E-mails from a company's Human Resources Director document the difficulties of office holiday party planning.;0
2798;Donald Trump personally sent out an airplane to bring home U.S. military members stranded in Florida.;0
7267;'In the past year alone, Ohio businesses have created more jobs than almost every other state in the country.';1
5423;New York has passed 'the best paid family leave' program in the United States of America.;1
5967;'150,000 (oil spill) claims have been filed by Floridians, but only 40 percent of them have been paid.';1
7203;Alligators given as gifts escape.;1
8773;Says Gov. Scott Walker’s repeal of a 2009 law has left Wisconsin as 'one of five states without an equal pay law protecting women from gender discrimination in their paycheck.';0
2425;A photograph shows a violent anti-Trump protest in the United States in November 2016.;0
5788;A girl on an amusement park ride was scalped when her hair got caught in the attraction's machinery.;1
2757;Photographs show Molly, a horse with a prosthetic leg.;1
3722;A girl required surgery after swallowing a wire that had come loose from a barbeque grill cleaning brush and was cooked into a hamburger.;1
1278;Buhari's claim untrue: Journalists are being detained & harassed in Nigeria | Africa Check;0
7722;'New Jersey's citizens are working at the highest rate in three years.';0
6203;'Delta Force raids Obama stronghold in Thailand.';0
8731;In 2007, 'the top 1 percent of all income earners in the United States made 23.5 percent of all income,' which is 'more than the entire bottom 50 percent.';1
5250;The shopping cart was not a resounding success when first introduced.;1
8705;Cameron Lyle gave up his collegiate athletic career to donate bone marrow to a young man with leukemia.;1
4506;A photograph shows Donald Trump in a diaper.;0
1273;'Five percent of Americans pay over half the income taxes in this country. Forty percent of Americans pay no income taxes at all.';1
1271;Article describes coverage of the death of Medal of Honor recipient Ed Freeman.;1
7020;A Home Depot representative posted a caustic social media comment in response to a Fox News article.;0
9160;Small businesses 'create two out of every three American jobs.';1
7237;Says state Rep. Fred Clark (D-Baraboo) ran a red light and seriously injured a bicyclist.;1
6416;A professor does battle to retrieve his watch from a thief . . . only to discover his unstolen timepiece sitting on a dresser at home.;0
3161;Somali Muslim refugees 'took over' the small town of Shelbyville, Tennessee and targeted local Christians with 'violent Islamic crimes'.;0
4351;An eyeball-licking fad has produced a widespread outbreak of ocular maladies among Japanese schoolchildren.;0
2959;NASA is lying about the path of a recently discovered asteroid, and it will actually cause widespread destruction when it hits Earth in February 2017.;0
1679;'Over 73% of all donations raised (from the ALS Ice Bucket Challenge) are going to fundraising, overhead, executive salaries, and external donations.';0
1063;Says Gov. Rick Perry is “spending Texans’ hard-earned money to live like Louie XIV.”;0
8413;The Mitchell Park Domes 'lose about $1 million-plus every year' and 'the number of people going to the Domes has been going down.';0
5778;'A study by the National Economics Research Association showed that the (Paris climate) deal could cost 2.7 million lost jobs in the U.S. by 2025 should our country adhere to the commitments made by the Obama Administration.';0
1222;Former business partner Robert Gay says: 'The man who helped save my daughter was Mitt Romney.';1
9521;In the primary election, a 'right-wing group spent more than $100,000,000 to support' Supreme Court Justice Rebecca Bradley.;0
1784;Photograph shows a police officer delivering milk to a Watertown family during a stay-in-place order.;1
5785;'I have never said that I don't wear flag pins or refuse to wear flag pins.';0
2549;Says Milwaukee County district attorney candidate Verona Swanigan 'has worked as a prosecutor.';0
2738;John McCain said he would define the income level that divides the middle class from the rich as $5 million.;1
3604;'Police find 19 white female bodies in freezers with ‘Black Lives Matter’ carved into skin.';0
1042;A photograph shows a 736-pound catfish caught in the Mississippi River.;0
1633;The New York Times revealed Darren Wilson’s current residence address, then redacted it.;0
1840;Since 1968, 'more Americans have died from gunfire than died in … all the wars of this country's history.';1
4038;'Before this (federal health care) law was enacted, Florida parents ... were able to purchase inexpensive 'child-only' coverage for their children. The law’s 'consumer protections' have now eliminated that choice in Florida.';0
2324;Shoplifting and other forms of crime decreased dramatically on 1 May 2006, the “Day Without Immigrants.”;0
3743;An Urban Myths board game fell for a joke about Blackbeard’s using a nursery rhyme to recruit fellow pirates.;1
9166;The date of Earth Day was chosen as April 22 by the Unicorn Killer to coincide with Vladimir Lenin's birthday.;0
7419;A Florida gun owner voluntarily gave up his AR-57 rifle to law enforcement after the Parkland school shooting.;1
8927;The salaries of Wisconsin’s best-educated public school teachers were 'slashed' by Gov. Scott Walker through a recent administrative rule change.;0
8161;Says Mitt Romney’s campaign 'has already spent more on negative ads than John McCain did during his entire presidential run.';0
8718;Under changes being debated, state employees in Wisconsin 'who earn $30,000, $40,000, $50,000 a year might have 20 percent of their income just disappear overnight.';0
1092;Actors Goldie Hawn and Kurt Russell were spotted wearing Donald Trump campaign shirts.;0
6152;A photograph shows actors Heath Ledger and Cillian Murphy posing together.;0
3617;'There is already a mosque four blocks away.';1
7672;John Paul Stevens is the only Protestant on the U.S. Supreme Court.;1
7527;The Ku Klux Klan has endorsed Dr. Ben Carson for President.;0
7223;Says 'Bob Casey voted in favor of deadly sanctuary cities that released thousands upon thousands of illegal alien criminals and vicious gang members to prey on Pennsylvania streets, to prey all over this country.';0
8959;Senator John McCain's final words consisted of a foul-mouthed attack on President Donald Trump.;0
1984;'You see the Nazi platform from the early 1930s ... look at it compared to the (Democratic Party) platform of today, you're saying, 'Man, those things are awfully similar.'';0
6231;A coroner had his hands full determining just that in the case of a man who jumped off a building, only to have a shotgun blast finish him off halfway down.;0
8964;The musical Mamma Mia! has 'been selling out for years.';1
7319;A man wearing a clown costume was shot in Fort Wayne, Indiana.;0
7871;Colin PowellAll We Want is Land to Bury our Dead;1
9004;"Vietnamese general Vo Nguyen Giap’s memoirs
pinned U.S. military failure in Vietnam on anti-war reporting in the American media.";0
5994;A police officer arrested a DUI suspect in the trooper’s own garage.;1
8617;"Resident objected to a cross on his city’s crest; other residents responded by placing crosses on their lawns.";1
7366;A man locked his daughter in a cage because she used Snapchat's 'dog filter' too frequently.;0
3431;Even 'though men comprise 49% of the population, they hold 80% of the lawmaking power in the Legislature (144 of 181 seats).';1
9655;In the process of attempting to get rid of a gopher, a trio of school custodians blew up their shack. Though all three janitors were carried out on stretchers, the gopher returned to the wild unscathed.;1
4795;Kryptonite brand locks can be picked with ordinary Bic pens.;1
2452;Did 300,000 families benefit from Zimbabwe's post-1999 land reforms? Official data says no | Africa Check;0
8008;The city of Indianapolis was assigned the 317 area code as a tribute to the number of survivors of the sinking of the USS Indianapolis.;0
4090;In the summer of 2018, President Donald Trump donated his entire $400,000 annual salary to the Department of the Interior for the purpose of rebuilding military cemeteries.;0
4588;'My property taxes went down largely because my technical college portion went down 35.5% because of the money we put in at state.';1
943;'We now do have evidence' that Donald Trump is being used as a recruiting tool for terrorists.;1
6718;'The majority support (raising) the minimum wage.';1
2155;'Look at the debt that has been accumulated in the last two years. It's more debt under this president than all those other presidents combined.';0
8547;Neil Gorsuch called for the 'advancement of the white race' and segregation in a 2012 statement.;0
5769;Since being elected in 2002, Scott Walker has 'given back over $370,000 of his salary to the county.';1
6511;'Every one of the 67 supervisors of elections' in Florida refused to carry out the effort to remove noncitizens from the voter rolls.;0
3330;A video shows a large cloud of pollen falling from a toppled tree.;1
9762;The U.S. government is instituting a regulation mandating all motorcycles be outfitted with 75 MPH governors by January 2017.;0
8305;From 2008 to 2011, 'the pages in the conforming bills have gone from 400 pages to 2,200.';1
2164;The Muslim mayor of 'Blairsville, Michigan' has outlawed Christmas within the city's limits.;0
7681;Pepsi is test marketing a Doritos-flavored version of Mountain Dew.;1
6553;The Texas Department of Corrections granted a cannibal inmate’s request of a child for his last meal.;0
2916;A miraculous car that gets 200 miles to the gallon is sold by mistake then reclaimed by the factory and is never seen again.;0
6349;A photograph shows a group of people golfing as a forest fire rages in the background.;1
3698;Some horses can grow mustaches.;1
8852;Suzanne Bonamici was the only no vote on a 2009 bill cracking down on drunk drivers.;1
6934;Police have documented cases of people randomly distributing poisoned goodies to children on Halloween.;0
3212;'In New York State, Democrats blocked a Bill expanding College Tuition for Gold Star families after approving aid for illegal immigrants.';1
2401;'Laura Ingraham just fired!!!';0
7258;A video shows a marijuana grower hiding from law enforcement officers in a corner.;0
6044;Debit cards issued to Hurricane Katrina evacuees have been used to purchase luxury or entertainment items.;1
6098;If Wisconsin's governor cuts perquisites as much as he plans to do, 'it would still leave (workers) better off than their private sector' counterparts.;1
2600;The family of Anne Frank sought (and was denied) refugee status in the United States.;1
3340;Actress Natalie Portman made a $50 million donation to a hospital in Israel.;0
3422;'Texas added more jobs in 2010 than any other state.';1
2086;Donald Trump expressed strong opposition to the war in Iraq before it began in 2003.;0
9419;Says Milwaukee County Executive Chris Abele 'once proposed a plan to end county funding to homeless shelters.';0
7950;'Debt has almost doubled in Austin under Gov. Perry.';1
4433;Says 'thousands' at a Manhattan rally for Donald Trump were chanting 'We hate Muslims, we hate blacks, we want our great country back.';0
3151;Photograph shows a blue Japanese fruit known as “moon melon.”;0
4710;A video shows a 'Stairway to Heaven' fireworks display.;1
6178;'Crime is down in Arizona.';1
9837;Says a Josh Hawley lawsuit 'would take away important prescription drug coverage for seniors through Medicare and end all of the consumer protections under the ACA.';1
9094;'Democrats oppose any effort to secure our border.';0
8925;'Under Obama’s plan (for welfare), you wouldn’t have to work and wouldn’t have to train for a job. They just send you your welfare check.';0
5913;The Air Force wants taxpayers to fund a fantasy football league.;0
8432;On 30 July 2008, The Cheesecake Factory restaurants will be selling cheesecake for $1.50 per slice.;1
7851;A DNC staffer was killed in a 'mysterious explosion' following the unsolved murder of a young man in Washington, D.C.;0
6307;A billionaire has offered $1 billion to 'breed' Lebron James and Serena Williams.;0
8336;'In fiscal year 2011-2012, 4,191 abortions were paid for by taxpayers via the Oregon Health Plan.';1
5289;'Unemployment is low because everyone has two jobs. Unemployment is low because people are working 60, 70, 80 hours a week and can barely feed their family.';0
9499;Khizr Kahn's law firm received a $375,000 wire transfer from the Clinton Foundation after he spoke at the Democratic National Convention.;0
5467;NBC edited an interview with the family of a deceased Navy SEAL to remove a reference to Christ.;0
7781;States with 'the highest gun ownership rates also have the highest suicide rates.';1
745;Says she 'called for addressing risks of derivatives, cracking down on subprime mortgages and improving financial oversight' early on in the financial crisis.;1
2282;The 2011 Legislature did not cut Texas public school funding.;0
6799;'She flunked the D.C. bar exam.';1
1366;Bob Denver died in January 2017.;0
5029;A bill to save teacher jobs is completely paid for by closing corporate tax loopholes.;0
275;Says Ted Strickland 'in this campaign bragged about his A-plus rating with the NRA. ... He has said he has a mixed and spotty record on this issue and that he can be criticized for it. Those are his words, not mine. So I don’t know where he is on this issue.';1
5193;Prankster who thinks he’s fooling a speed trap camera instead gets tickets for not wearing his seatbelt.;0
1462;Crook posing as security guard places ‘OUT OF ORDER’ sign on bank’s night depository and collects depositors’ money himself.;1
6381;A Muslim waitress refused to seat a church group at a restaurant, claiming 'religious freedom' allowed her to do so.;0
8758;'In the first round of repayments'  from financial institutions that received TARP money, 'the government has actually turned a profit.';1
8439;Chase Bank does not allow cash deposits made by non-account holders.;1
8343;A 1967 news article reported terrorist efforts to disrupt elections in South Vietnam.;1
9338;47 percent of Americans 'can’t pay for an unexpected $400 expense through savings or credit cards, without selling something or borrowing money.';1
7219;'Incoming House Speaker Dean Cannon and incoming Senate President Mike Haridopolos have said they plan to champion efforts next legislative session to allow oil rigs off Florida's coast.';1
846;The family of a POW are reassured by letter sent by their son until they steam off the stamp and read what’s written there.;0
5363;The numbers 6-6-6 were the winning combination in an Illinois lottery the day after Election Day 2008.;1
2246;Lou Gehrig's consecutive game streak began when Yankee first baseman Wally Pipp sat out a game with a headache.;0
7252;'Since World War II, only Gerald Ford and Bill Clinton have had worse ratings after seven months than President Obama.';1
5451;'This year West Virginia produced more AmeriCorps members than any other state.';1
6714;'Since 2008, we have cut 5,000 positions' from Virginia public schools.;1
4340;Says Bill and Hillary Clinton attended Donald Trump's last wedding.;1
5266;Video shows a woman at a baseball game dumping a drink over her boyfriend’s head because he declined to kiss her on camera.;0
8721;'First indictment issued in Russian bribery case tied to Obama-era Uranium One deal.';0
1876;A 1979 Pakistan airline advertisement showed the shadow of a jetliner on the World Trade Center.;1
3524;Football Coach Fired Over Obama Song;1
7761;'As Houston's mayor, I helped our area lead the nation in job growth.';0
3577;Honduras 'bans citizens from owning guns' and has the 'highest homicide rate in the entire world.' Switzerland, with a similar population, 'requires citizens to own guns' and has the 'lowest homicide rate in the entire world.';0
7448;'The country's bankrupt.';0
8345;Says President Barack Obama released a statement on the 'death of brother Robin Williams before ... a statement on brother Michael Brown.';1
1966;Most state employees could pay twice as much toward their health care premiums and it would still be half the national average;1
42;A series of photographs shows a restaurant’s 6-pound hamburger offering.;1
7485;'For the first time in over 40 years, Republicans don’t hold a single statewide office' in Virginia.;1
6258;The United States spends 'almost three times per capita what they spend in the U.K.' on health care and '50 percent more than they pay in France.';1
9098;Says New Jersey’s prison system is '61 percent African-American even though our state is just 13 percent black.';1
5841;Says President Barack Obama's parents were communists.;0
7232;Says, 'I-205, six miles of which runs through my district, already carries more traffic than I-5.';1
5215;A photograph shows a boulder containing remarkably well-preserved, larger-than-human seahorse fossil.;0
7069;Some people have eschewed retirement homes in favor of living on cruise ships.;1
6610;Marjory Stoneman Douglas student David Hogg was caught lying about being on campus during a February 2018 school shooting when he told CBS that he had to get on his bicycle and ride to school.;0
879;'There are still tens of thousands of missing service members from previous and current conflicts that our nation is working to find and repatriate.';1
7854;California schoolteacher Gregory Salcido called members of the United States military 'the lowest of our low' during a classroom discussion.;1
7085;A Florida man has “married” a 6-month-old boy.;0
5431;Naval captain’s speech urges Americans to “wake up” and act decisively in battling terrorism.;1
3656;Beauty and the Beast’s Belle can be glimpsed in a scene from The Hunchback of Notre Dame.;1
4665;Bill Cosby bought up the rights to The Little Rascals (or Our Gang) comedies in order to keep them off television because they depict racial stereotypes.;0
356;No openly gay man has ever been elected to the Georgia Legislature.;1
254;'Fifty percent of our new' Texas 'teachers don’t have college degrees.';0
7610;A particular college course of study was labeled 'the toughest' by the Guinness Book of World Records.;0
8232;Says '566,000 crimes' were 'made in Texas by criminal aliens in the last 6 years.';0
1811;Harry Potter author J.K. Rowling exacted revenge on a Twitter critic by monitoring his finances for two years and then buying his home.;0
1138;In his first TV interview as president, Obama said we 'should talk to Iran.';1
207;Couple is caught taking risqué pictures in an amusement park photo booth.;1
8663;Says GOP recall challenger Kim Simac 'was delinquent paying her property taxes eight of the last nine years.';1
2150;A viral photograph shows President George W. Bush hugging the daughter of a 9/11 victim.;1
4528;Rapists prowling a Target store parking lot use an elderly woman in distress to lure victims.;0
7533;'I don’t take a dime of PAC money.';1
3348;'This administration is slashing the Navy to pay for more Obamacare.';0
2646;The lion used for the original MGM logo killed its trainer and his assistants.;0
3797;An unwary hostess tries to pass off a cake purchased at a bake sale as her own handiwork.;0
6526;Says abortion is 'the most common surgery in our country.';0
3477;Says '85 percent (of immigrants) don’t show up for a scheduled court hearing or call to schedule a court hearing.';0
5603;President Trump tweeted that drug testing would soon be mandatory for all recipients of government assistance.;0
4612;Says in the 2012 State of the Union address, President Obama 'didn't even mention the deficit or debt.';0
1166;Says high-speed rail would have created 60,000 jobs.;0
566;"'American Suicide' a speech by Former Colorado Governor Richard
Lamm";1
4429;'If you will go look up the definition of 'act of God,' we've used it in legal terms for a long time in this state.';1
6337;There is a section of every Facebook user profile that attempts to list them by political category.;1
1076;One of Sylvester Stallone's first screen efforts was a starring role in a porn film.;1
9704;Says George H.W. Bush once said 'If the American People ever find out what we have done, they will chase us down the street and lynch us.';0
4965;Says there’s 'never (been) so many apprehensions ever in our history.';0
8231;Says 'our economy in New Jersey gets $38 billion from the businesses at the Shore.';0
9568;Senator John McCain delivered a speech about a Vietnam POW who was beaten for sewing an American flag into his shirt.;1
582;Students of Sunny Oaks Elementary School in California were forced to cross dress for LGBT week.;0
7924;7 million households now connected to the electricity grid;1
123;An Animal Planet documentary revealed the existence of mermaids.;0
1358;'Ohio companies export more goods and services globally than 41 other states.';1
317;Photograph shows representatives playing solitaire on their laptop computers during a legislative session.;1
4552;Ohio today has the 'fewest number of state employees since the Reagan administration.';1
3353;Photographs show a “Thank you for freedom” message plowed into a field near Offutt AFB.;1
1685;In 2019, a Democrat lawmaker named Tara McClossoff introduced a bill that would ban senior citizens from voting.;0
7393;A memo from Osama bin Laden to his cavemates decries the theft of a box of Cheez-Its.;0
1965;No evidence for church claim that porn & rape linked. Other factors are key | Africa Check;0
7745;The Ohio Players’ recording of the song “Love Rollercoaster” includes the scream of a murdered woman.;0
457;Says Newt Gingrich 'has said that we should make the 11 million illegal workers that are in this country legal.';0
8659;John Raese's wife 'is registered to vote in Florida so she can't even vote for him.';1
3082;A compendium of mortifying examples of cake inscriptions gone wrong.;0
7295;Says four-year terms for City Council members are 'the norm in most cities of our size.';1
7017;Multnomah County’s food action plan 'clearly plans to disrupt the free market system in terms of food choices making it harder and more expensive for many residents to eat their food of choice.';0
7064;Says close to 90 percent of the population growth in Texas over the last decade was non-Anglo.;1
2742;'The average cost for health insurance in Florida went from about $600 a month for an individual to about $150 a month.';0
6847;An off-duty sheriff’s officer apprehended  a gunman by shooting him in a San Antonio movie theater.;1
2365;'The region I represent, both currently and in the future, has more automotive plants than the entire state of California.';1
7070;Pat Tillman’s brother Kevin wrote an essay about U.S. policy in Iraq.;1
4344;Prayers are requested for Heather Brown, who remains in a coma after giving birth to a son.;1
4295;During a recent garbage workers’ strike, clever folks took to gift-wrapping their garbage and leaving it in plain sight in unlocked cars.;0
9968;The Beatles planned the infamous butcher cover as a protest against Capitol Records’ “butchering” of their album releases in America.;0
7961;A razor blade discovered in a child’s “footies” (footed pajamas) injured a baby.;1
8479;Photographs show Jasmine, a greyhound who cares for other animals at a wildlife sanctuary.;1
2467;'Providence is one of the busiest fire departments for its relative size in the country.';1
1823;The media is aware that the bull shark that mauled 8-year-old Jessie Arbogast was one his uncle had been fishing for and fighting on a line for two hours, but they are suppressing that information.;0
1398;Barack Obama and the Democrats have 'proposed a tax for not having health insurance.';1
5278;University of Alabama football coach Nick Saban finished third in a special Senate election in December 2017.;0
7148;Photograph shows “the world’s largest Christmas tree display.”;1
3610;Photograph shows a frog in a jar of pickles.;0
6850;'Russian source behind fake Trump dossier killed in Russian plane crash, Rosatom CFO also dead';0
4455;Vicky Field is requesting prayers for her son Chad Snowden, a serviceman injured in Iraq.;1
8031;'Every single month since 1985 has been warmer than the historic average. All 12 of the warmest years on record have come in the last 15 years.';1
7529;Celine Dion has been killed in a crash.;0
915;'I didn't raise taxes once.';0
5382;'The past president (Barack Obama) brought Al Sharpton into the White House something like 80 times.';1
3465;An autistic artist drew a rendering of the New York skyline from memory after a 20-minute helicopter ride.;1
29;Sweden was 'rocked' by a massive terrorist attack in February 2017.;0
9234;Barack Obama is 'only the second Democrat in the last 75 years to win Ohio twice with more than 50 percent of the vote.';1
9764;The 2007 film I Am Legend accurately predicted the results of the 2008 Super Bowl.;0
5346;A federal court upheld a ruling that school officials acted correctly in requiring students to remove clothing featuring U.S. flag designs on Cinco de Mayo.;1
718;'Florida ranks 45th' in the nation for tuition.;1
1873;'The average South Korean is 3 inches taller than the average North Korean, a huge gulag.';1
266;Virginia 'spends less per student today than we did in 2008.';1
7566;Says in regard to providing 'more tax cuts for the rich,' Bill Pascrell said, 'Republicans had great ideas. I liked some of their ideas.';0
4790;School photograph shows a boy segregated from his class because he is Jewish.;0
3902;The U.S. has a global trade deficit of $800 billion.;0
4287;Claims Ohio Gov. John Kasich says climate change is a problem.;1
3269;Country singer Loretta Lynn passed away in December 2018 and left behind a pro-Trump note for her fans.;0
786;A vintage Heineken advertisement showed a toddler drinking a beer and boasted about having the youngest customers in the business.;0
3106;A young couple has anal sex on Mom’s cherished white sofa and blame the resulting stain on the dog.;0
8835;A resolution introduced to the House of Representatives seeks to repeal the authorization for use of military force against Iraq.;1
5366;Milk-Bone dog treats cause cancer in one of every two dogs that eat them.;0
3142;'In 1950, the average American lived for 68 years and 16 workers supported one retiree. Today, the average life expectancy is 78 and three workers support one retiree.';1
7578;Chris Christie Says Teachers Should Get Minimum Wage;0
2260;Actress Allison Mack confessed that she sold children to the Rothschilds and Clintons.;0
118;Says Connie Mack 'wrote a letter to the Department of Transportation in order to get $29 million in stimulus for his congressional district.';1
2905;Quotes Thomas Jefferson as saying that 'a government big enough to give you everything you want, is strong enough to take everything you have.';0
5690;A photograph shows medalist Jim Thorpe wearing mismatched shoes at the 1912 Olympics.;1
3439;Fox News didn't report breaking political news about the indictment of Paul Manafort and instead ran coverage of controversy involving a cheeseburger emoji.;0
2516;A video shows a man vaporized instantly from electrocution and/or exposure to hydrofluoric or “sulfuric hydrofluoric' acid.;0
1425;Chess player’s head explodes.;0
8237;'Barack Hussein Obama will … force doctors to assist homosexuals in buying surrogate babies.';0
9900;Photograph shows a fisherman in Wisconsin holding a furry trout he'd caught.;0
6322;An effort to repeal voting-reform legislation would be 'the first time in Ohio history where a bill has been passed to stop a referendum.';1
8002;The marginal tax rate for high-earning individuals or families in 1980 was 70%.;1
4482;'(Obama) did accept donations from lobbyists and PACs and he spent money in this campaign from that, through his political action committee.';1
9755;Photograph captures an unlucky tourist posing on the observation deck of a World Trade Center tower on 9/11, seconds before a hijacked airliner smashed into the building.;0
4695;Ordinary use of Ultra Clorox bleach poses a general danger to household pets.;0
8119;House Speaker Dean Cannon says that freshmen lawmakers account for one-third of the 120-member House, and that two-thirds of the chamber have two years or less experience.;1
2289;'A far different picture from the prior eight years, which saw 115 increases in taxes and fees.';1
5386;A scorned woman dumped a bucket of manure onto the bride who ended up with her boyfriend.;1
8628;"President Obama absent from the Arlington 2010 Memorial Day
Ceremony";1
5355;Fellow threatens to eat his pet rabbit unless $50,000 is donated through his web site.;0
6654;A study has determined that Nutella brand spread includes a known carcinogen among its ingredients.;0
1713;Internet celebrity 'Damn Daniel' was mugged and robbed of his shoes.;0
7656;'The people that perpetrated that travesty in San Bernardino had never been to the Middle East.';0
6812;Tom Reed 'has actually voted for every single trade deal that has ever come before him in any form.';1
4452;Ohio amusement park Kings Island will close through 2020 because of 'dangerous rides.';0
6603;Charlie Crist broke the quarter 'record for fundraising in a U.S. Senate race in Florida.';1
4813;'Here are the facts: there is no massive wave of migrants pouring into California. Overall immigrant apprehensions on the border last year were as low as they’ve been in nearly 50 years (and 85 percent of the apprehensions occurred outside of California).';1
540;Message solicits contributions for a statue of President George W. Bush.;0
4443;'I think I received more votes in the Democratic primary than any governor in history.';1
5341;Photograph shows police cruiser crushed between two trucks.;1
8435;A babysitter left alone in charge of sleeping children receives several mysterious, threatening phone calls.;0
7279;"“We have 175 policemen to 100,000 citizens in Nigeria. UN recommendation is 300 police to 100,000 citizens; some will argue 400 police to 100,000 citizens.”";0
2371;The town of DeQuincy, Louisiana, has made twerking illegal.;0
159;An Alabama middle school sent a letter to parents requesting canned goods to be used for defense against intruders.;1
2883;Comedian and talk show host Bill Maher said he hopes an economic recession will occur because it's a way to get rid of President Trump.';1
4327;Two claims on Nigeria’s sucide ranking;1
1385;'When the country was founded, Congress had exactly the same attitude about the sanctity of Christmas celebrations that a 7-Eleven does today: 'Yeah, we're open.'';0
2530;Says Marshall Tuck 'is backed by Donald Trump’s education advisor' pictured as Betsy DeVos.;0
9457;Thomas Jefferson wrote that 'the strongest reason for the people to retain the right to keep and bear arms' is to 'protect themselves against tyranny in government.';0
1730;Oil giant Baker Hughes donated $100,000 to the Susan G. Komen Foundation and now plans to distribute 1000 pink drill bits.;1
3428;'Our tax code has nearly doubled since 1985.';1
7863;'To vote in Mexico every eligible Mexican citizen has to have a tamper-proof photo-ID card with a thumbprint and an embossed hologram.';1
3718;An enterprising college student solicited one-cent donations to finance his education.;1
4547;People have died laughing.;1
3126;Submarine commander issues archly humorous letter when his requisition for toilet paper is cancelled.;1
7519;The List of Military Endorsements for Mitt Romney;1
2826;An open microphone caught President Obama muttering caustic comments about the 4th of July holiday.;0
6419;Instructors at a Virginia middle school did not allow a transgender student to take shelter during a drill simulating how to hide from a school shooter.;1
1098;Farmer expresses dissatisfaction with crop prices by carving a message in his grain field.;1
6440;'Tina (Smith) profited from the opioid crisis.' ​;0
8569;"Lack of Food Taster Prevented President From Eating With
Republicans";1
889;The GOP’s Obamacare replacement would reduce subsidies that help lower-income people buy health insurance, but also 'expand the entitlement' by giving subsidies to higher-income people 'that Obamacare never helped.';1
3329;'The unemployment rate for Wisconsin workers has reached historic lows. It’s never been this low before, ever, ever, ever.';1
752;A meme image shows starving citizens in Venezuela eating garbage.;0
4323;'He reformed welfare before others tried.';0
2999;Powerade commercial shows footage of basketball star Lebron James sinking a series of extraordinarily long shots.;0
1962;'Seventy-seven of the top 300 cities with the highest poverty rate' nationwide are in California.;0
4402;A 1993 instance of product tampering resulted in syringes being found in cans of Pepsi.;0
1030;About 106,000 soldiers had 'a prescription of three weeks or more' for pain, depression or anxiety medication.;1
5859;'When we moved into the White House, we had the lowest net worth of any family since Harry Truman.';1
155;Minnesota bill proposing creation of poet laureate position is written in rhyming verse.;1
6823;'TSA WILL ACCEPT DRIVERS PRIV CARDS FOR ID AT THE AIRPORT';1
622;A list reproduces Saul Alinsky's rules for 'How to Create a Social State.';0
918;Hyland's Teething Tablets have been discontinued for causing 'adverse events' in children.;1
2493;'If you take into account all the people who are struggling for work, or have just stopped looking, the real unemployment rate is over 15 percent.';1
8464;In 2009, Democratic Wisconsin state senators 'rammed through a billion-dollar tax hike in 24 hours with no public input.';1
3988;'As district attorney, Susan Happ took $180,000' in a 'shady' land deal 'from a man charged with multiple felony counts of sexual assault before she offered him a deferred prosecution.';0
911;'Sliders' steal women's purses from cars while their owners are busy pumping gas.;1
